{"west": 138.90208333333334, "east": 140.99791666666667, "south": 34.822916666666664, "north": 35.797916666666666, "nlon": 504, "nlat": 235}